-- phpMyAdmin SQL Dump
-- version 5.2.1
-- https://www.phpmyadmin.net/
--
-- Hôte : 127.0.0.1
-- Généré le : mar. 25 mars 2025 à 17:17
-- Version du serveur : 10.4.32-MariaDB
-- Version de PHP : 8.2.12

SET SQL_MODE = "NO_AUTO_VALUE_ON_ZERO";
START TRANSACTION;
SET time_zone = "+00:00";


/*!40101 SET @OLD_CHARACTER_SET_CLIENT=@@CHARACTER_SET_CLIENT */;
/*!40101 SET @OLD_CHARACTER_SET_RESULTS=@@CHARACTER_SET_RESULTS */;
/*!40101 SET @OLD_COLLATION_CONNECTION=@@COLLATION_CONNECTION */;
/*!40101 SET NAMES utf8mb4 */;

--
-- Base de données : `drivefood`
--

-- --------------------------------------------------------

--
-- Structure de la table `administrateur`
--

CREATE TABLE `administrateur` (
  `id` int(11) NOT NULL,
  `nom` varchar(100) NOT NULL,
  `prenom` varchar(100) NOT NULL,
  `email` varchar(255) NOT NULL
) ENGINE=InnoDB DEFAULT CHARSET=utf8mb4 COLLATE=utf8mb4_general_ci;

--
-- Déchargement des données de la table `administrateur`
--

INSERT INTO `administrateur` (`id`, `nom`, `prenom`, `email`) VALUES
(1, 'Raoumbe', 'Lorena', 'lorenaraoumbe@gmail.com'),
(2, 'Essono', 'Marvy', 'karismasophie@gmail.com'),
(3, 'Keyi', 'Victorine', 'keyivictorine@gmail.com');

-- --------------------------------------------------------

--
-- Structure de la table `categorie`
--

CREATE TABLE `categorie` (
  `idCategorie` int(11) NOT NULL,
  `categorie` varchar(200) NOT NULL
) ENGINE=InnoDB DEFAULT CHARSET=utf8mb4 COLLATE=utf8mb4_general_ci;

--
-- Déchargement des données de la table `categorie`
--

INSERT INTO `categorie` (`idCategorie`, `categorie`) VALUES
(1, 'Africaine'),
(2, 'Europeene');

-- --------------------------------------------------------

--
-- Structure de la table `client`
--

CREATE TABLE `client` (
  `idClient` int(11) NOT NULL,
  `nom` varchar(100) NOT NULL,
  `prenom` varchar(100) NOT NULL,
  `numeroDeTel` varchar(20) NOT NULL
) ENGINE=InnoDB DEFAULT CHARSET=utf8mb4 COLLATE=utf8mb4_general_ci;

--
-- Déchargement des données de la table `client`
--

INSERT INTO `client` (`idClient`, `nom`, `prenom`, `numeroDeTel`) VALUES
(1, 'Ndelya', 'Stevy', '+241 76512308'),
(2, 'LOUSSOUASSOUANI', 'Klothie', '+241 74429323');

-- --------------------------------------------------------

--
-- Structure de la table `commande`
--

CREATE TABLE `commande` (
  `idCommande` int(11) NOT NULL,
  `idClient` int(11) NOT NULL,
  `idPlat` int(11) NOT NULL,
  `statut` varchar(50) NOT NULL,
  `modeDePaiement` varchar(100) NOT NULL,
  `date_com` datetime NOT NULL DEFAULT current_timestamp()
) ENGINE=InnoDB DEFAULT CHARSET=utf8mb4 COLLATE=utf8mb4_general_ci;

--
-- Déchargement des données de la table `commande`
--

INSERT INTO `commande` (`idCommande`, `idClient`, `idPlat`, `statut`, `modeDePaiement`, `date_com`) VALUES
(1, 1, 1, 'prête', 'Airtel Money', '2025-03-25 16:22:34'),
(2, 2, 1, 'en cours', 'Carte Bancaire', '2025-03-25 16:22:34'),
(3, 1, 4, 'prête', 'Espèce', '2025-03-25 16:50:07');

-- --------------------------------------------------------

--
-- Structure de la table `livraison`
--

CREATE TABLE `livraison` (
  `idLivraison` int(11) NOT NULL,
  `idCommande` int(11) NOT NULL,
  `idLivreur` int(11) NOT NULL,
  `adresseLiv` varchar(255) NOT NULL,
  `statut` varchar(100) NOT NULL
) ENGINE=InnoDB DEFAULT CHARSET=utf8mb4 COLLATE=utf8mb4_general_ci;

--
-- Déchargement des données de la table `livraison`
--

INSERT INTO `livraison` (`idLivraison`, `idCommande`, `idLivreur`, `adresseLiv`, `statut`) VALUES
(1, 1, 1, 'Route Aeroport', 'en cours'),
(2, 2, 2, 'Fort de l eau', 'en cours');

-- --------------------------------------------------------

--
-- Structure de la table `livreur`
--

CREATE TABLE `livreur` (
  `idLivreur` int(11) NOT NULL,
  `nom` varchar(100) NOT NULL,
  `prenom` varchar(250) NOT NULL,
  `statut` varchar(100) NOT NULL,
  `typeDeVehicule` varchar(150) NOT NULL,
  `numeroDeTel` varchar(20) NOT NULL
) ENGINE=InnoDB DEFAULT CHARSET=utf8mb4 COLLATE=utf8mb4_general_ci;

--
-- Déchargement des données de la table `livreur`
--

INSERT INTO `livreur` (`idLivreur`, `nom`, `prenom`, `statut`, `typeDeVehicule`, `numeroDeTel`) VALUES
(1, 'BEBETO', 'Rayane', 'dispo', 'moto', '+241 76512308'),
(2, 'METOGO', 'Chine', 'occupé', 'Taxi Toyota Carina', '+241 74429323');

-- --------------------------------------------------------

--
-- Structure de la table `plat`
--

CREATE TABLE `plat` (
  `idPlat` int(11) NOT NULL,
  `idRestaurant` int(11) NOT NULL,
  `nom` varchar(100) NOT NULL,
  `prix` decimal(10,2) NOT NULL,
  `details` varchar(1000) NOT NULL
) ENGINE=InnoDB DEFAULT CHARSET=utf8mb4 COLLATE=utf8mb4_general_ci;

--
-- Déchargement des données de la table `plat`
--

INSERT INTO `plat` (`idPlat`, `idRestaurant`, `nom`, `prix`, `details`) VALUES
(1, 2, 'feuille de manioc au Foula', 4500.00, 'Feuille de manioc fait avec du poisson fumé et huile de palme'),
(2, 2, 'Coumou au foula', 4500.00, 'crevette, poisson fumé ,huile de parle '),
(3, 2, 'Aubergine', 3000.00, 'oseille, crevette, poisson fume'),
(4, 1, 'Pizza a la Vosgienne', 5500.00, 'fromage,\r\nlardons,\r\ntomate'),
(5, 1, 'Entrecôte a la mangue', 7000.00, '...');

-- --------------------------------------------------------

--
-- Structure de la table `restaurant`
--

CREATE TABLE `restaurant` (
  `idRestaurant` int(11) NOT NULL,
  `idCategorie` int(11) NOT NULL,
  `nom` varchar(100) NOT NULL,
  `adresse` varchar(150) DEFAULT NULL
) ENGINE=InnoDB DEFAULT CHARSET=utf8mb4 COLLATE=utf8mb4_general_ci;

--
-- Déchargement des données de la table `restaurant`
--

INSERT INTO `restaurant` (`idRestaurant`, `idCategorie`, `nom`, `adresse`) VALUES
(1, 2, 'Les delices de Madride', 'la cabane (Route Copacabana)'),
(2, 1, 'Chez Parfait', 'Derrière le Lycée');

--
-- Index pour les tables déchargées
--

--
-- Index pour la table `administrateur`
--
ALTER TABLE `administrateur`
  ADD PRIMARY KEY (`id`);

--
-- Index pour la table `categorie`
--
ALTER TABLE `categorie`
  ADD PRIMARY KEY (`idCategorie`);

--
-- Index pour la table `client`
--
ALTER TABLE `client`
  ADD PRIMARY KEY (`idClient`);

--
-- Index pour la table `commande`
--
ALTER TABLE `commande`
  ADD PRIMARY KEY (`idCommande`),
  ADD KEY `idClient` (`idClient`),
  ADD KEY `idPlat` (`idPlat`);

--
-- Index pour la table `livraison`
--
ALTER TABLE `livraison`
  ADD PRIMARY KEY (`idLivraison`),
  ADD KEY `livraison_ibfk_1` (`idCommande`),
  ADD KEY `livraison_ibfk_2` (`idLivreur`);

--
-- Index pour la table `livreur`
--
ALTER TABLE `livreur`
  ADD PRIMARY KEY (`idLivreur`);

--
-- Index pour la table `plat`
--
ALTER TABLE `plat`
  ADD PRIMARY KEY (`idPlat`),
  ADD KEY `plat_ibfk_1` (`idRestaurant`);

--
-- Index pour la table `restaurant`
--
ALTER TABLE `restaurant`
  ADD PRIMARY KEY (`idRestaurant`),
  ADD KEY `idCategorie` (`idCategorie`);

--
-- AUTO_INCREMENT pour les tables déchargées
--

--
-- AUTO_INCREMENT pour la table `administrateur`
--
ALTER TABLE `administrateur`
  MODIFY `id` int(11) NOT NULL AUTO_INCREMENT, AUTO_INCREMENT=4;

--
-- AUTO_INCREMENT pour la table `categorie`
--
ALTER TABLE `categorie`
  MODIFY `idCategorie` int(11) NOT NULL AUTO_INCREMENT, AUTO_INCREMENT=3;

--
-- AUTO_INCREMENT pour la table `client`
--
ALTER TABLE `client`
  MODIFY `idClient` int(11) NOT NULL AUTO_INCREMENT, AUTO_INCREMENT=3;

--
-- AUTO_INCREMENT pour la table `commande`
--
ALTER TABLE `commande`
  MODIFY `idCommande` int(11) NOT NULL AUTO_INCREMENT, AUTO_INCREMENT=4;

--
-- AUTO_INCREMENT pour la table `livraison`
--
ALTER TABLE `livraison`
  MODIFY `idLivraison` int(11) NOT NULL AUTO_INCREMENT, AUTO_INCREMENT=3;

--
-- AUTO_INCREMENT pour la table `livreur`
--
ALTER TABLE `livreur`
  MODIFY `idLivreur` int(11) NOT NULL AUTO_INCREMENT, AUTO_INCREMENT=3;

--
-- AUTO_INCREMENT pour la table `plat`
--
ALTER TABLE `plat`
  MODIFY `idPlat` int(11) NOT NULL AUTO_INCREMENT, AUTO_INCREMENT=6;

--
-- AUTO_INCREMENT pour la table `restaurant`
--
ALTER TABLE `restaurant`
  MODIFY `idRestaurant` int(11) NOT NULL AUTO_INCREMENT, AUTO_INCREMENT=3;

--
-- Contraintes pour les tables déchargées
--

--
-- Contraintes pour la table `commande`
--
ALTER TABLE `commande`
  ADD CONSTRAINT `commande_ibfk_1` FOREIGN KEY (`idClient`) REFERENCES `client` (`idClient`) ON DELETE CASCADE,
  ADD CONSTRAINT `commande_ibfk_2` FOREIGN KEY (`idPlat`) REFERENCES `plat` (`idPlat`) ON DELETE CASCADE;

--
-- Contraintes pour la table `livraison`
--
ALTER TABLE `livraison`
  ADD CONSTRAINT `livraison_ibfk_1` FOREIGN KEY (`idCommande`) REFERENCES `commande` (`idCommande`) ON DELETE CASCADE ON UPDATE CASCADE,
  ADD CONSTRAINT `livraison_ibfk_2` FOREIGN KEY (`idLivreur`) REFERENCES `livreur` (`idLivreur`) ON DELETE CASCADE ON UPDATE CASCADE;

--
-- Contraintes pour la table `plat`
--
ALTER TABLE `plat`
  ADD CONSTRAINT `plat_ibfk_1` FOREIGN KEY (`idRestaurant`) REFERENCES `restaurant` (`idRestaurant`) ON DELETE CASCADE ON UPDATE CASCADE;

--
-- Contraintes pour la table `restaurant`
--
ALTER TABLE `restaurant`
  ADD CONSTRAINT `restaurant_ibfk_1` FOREIGN KEY (`idCategorie`) REFERENCES `categorie` (`idCategorie`) ON DELETE CASCADE;
COMMIT;

/*!40101 SET CHARACTER_SET_CLIENT=@OLD_CHARACTER_SET_CLIENT */;
/*!40101 SET CHARACTER_SET_RESULTS=@OLD_CHARACTER_SET_RESULTS */;
/*!40101 SET COLLATION_CONNECTION=@OLD_COLLATION_CONNECTION */;
